{
  "hash": "5aadb8ad",
  "configHash": "0151e18a",
  "lockfileHash": "ded6396c",
  "browserHash": "05bc0954",
  "optimized": {
    "@angular/core": {
      "src": "../../../../../../node_modules/@angular/core/fesm2022/core.mjs",
      "file": "@angular_core.js",
      "fileHash": "a186a94a",
      "needsInterop": false
    },
    "@angular/material/button": {
      "src": "../../../../../../node_modules/@angular/material/fesm2022/button.mjs",
      "file": "@angular_material_button.js",
      "fileHash": "c9b0ea04",
      "needsInterop": false
    },
    "@angular/material/card": {
      "src": "../../../../../../node_modules/@angular/material/fesm2022/card.mjs",
      "file": "@angular_material_card.js",
      "fileHash": "fcff25da",
      "needsInterop": false
    },
    "@angular/material/checkbox": {
      "src": "../../../../../../node_modules/@angular/material/fesm2022/checkbox.mjs",
      "file": "@angular_material_checkbox.js",
      "fileHash": "9840fb56",
      "needsInterop": false
    },
    "@angular/material/form-field": {
      "src": "../../../../../../node_modules/@angular/material/fesm2022/form-field.mjs",
      "file": "@angular_material_form-field.js",
      "fileHash": "2ce66238",
      "needsInterop": false
    },
    "@angular/material/icon": {
      "src": "../../../../../../node_modules/@angular/material/fesm2022/icon.mjs",
      "file": "@angular_material_icon.js",
      "fileHash": "c55112f5",
      "needsInterop": false
    },
    "@angular/material/input": {
      "src": "../../../../../../node_modules/@angular/material/fesm2022/input.mjs",
      "file": "@angular_material_input.js",
      "fileHash": "c6bdeb31",
      "needsInterop": false
    },
    "@angular/material/snack-bar": {
      "src": "../../../../../../node_modules/@angular/material/fesm2022/snack-bar.mjs",
      "file": "@angular_material_snack-bar.js",
      "fileHash": "99f7bd9f",
      "needsInterop": false
    },
    "@angular/platform-browser": {
      "src": "../../../../../../node_modules/@angular/platform-browser/fesm2022/platform-browser.mjs",
      "file": "@angular_platform-browser.js",
      "fileHash": "137abed9",
      "needsInterop": false
    },
    "@angular/platform-browser/animations": {
      "src": "../../../../../../node_modules/@angular/platform-browser/fesm2022/animations.mjs",
      "file": "@angular_platform-browser_animations.js",
      "fileHash": "24e8c789",
      "needsInterop": false
    },
    "@angular/platform-browser/animations/async": {
      "src": "../../../../../../node_modules/@angular/platform-browser/fesm2022/animations/async.mjs",
      "file": "@angular_platform-browser_animations_async.js",
      "fileHash": "12f80d94",
      "needsInterop": false
    },
    "@angular/router": {
      "src": "../../../../../../node_modules/@angular/router/fesm2022/router.mjs",
      "file": "@angular_router.js",
      "fileHash": "3fba8da2",
      "needsInterop": false
    },
    "@angular/forms": {
      "src": "../../../../../../node_modules/@angular/forms/fesm2022/forms.mjs",
      "file": "@angular_forms.js",
      "fileHash": "9b75197e",
      "needsInterop": false
    },
    "@angular/common/http": {
      "src": "../../../../../../node_modules/@angular/common/fesm2022/http.mjs",
      "file": "@angular_common_http.js",
      "fileHash": "dfd47bea",
      "needsInterop": false
    },
    "rxjs/operators": {
      "src": "../../../../../../node_modules/rxjs/dist/esm5/operators/index.js",
      "file": "rxjs_operators.js",
      "fileHash": "f182a7c7",
      "needsInterop": false
    },
    "@angular/common": {
      "src": "../../../../../../node_modules/@angular/common/fesm2022/common.mjs",
      "file": "@angular_common.js",
      "fileHash": "2f5bd556",
      "needsInterop": false
    }
  },
  "chunks": {
    "browser-6GKT2A7C": {
      "file": "browser-6GKT2A7C.js"
    },
    "chunk-YIGCWVHJ": {
      "file": "chunk-YIGCWVHJ.js"
    },
    "chunk-RBY525XC": {
      "file": "chunk-RBY525XC.js"
    },
    "chunk-W2KYLDEB": {
      "file": "chunk-W2KYLDEB.js"
    },
    "chunk-UYSBY5NM": {
      "file": "chunk-UYSBY5NM.js"
    },
    "chunk-7L2G3XH6": {
      "file": "chunk-7L2G3XH6.js"
    },
    "chunk-FD2IGTHF": {
      "file": "chunk-FD2IGTHF.js"
    },
    "chunk-H3I7PLYE": {
      "file": "chunk-H3I7PLYE.js"
    },
    "chunk-QFTNQGK6": {
      "file": "chunk-QFTNQGK6.js"
    },
    "chunk-ZR5P2G5Q": {
      "file": "chunk-ZR5P2G5Q.js"
    },
    "chunk-L63CIEGT": {
      "file": "chunk-L63CIEGT.js"
    },
    "chunk-KFREHCGW": {
      "file": "chunk-KFREHCGW.js"
    }
  }
}